﻿<metadata>
  <idinfo>
    <citation>
      <citeinfo>
        <pubdate>20140904</pubdate>
        <title>MBTA Rapid Transit Stations</title>
        <geoform>vector digital data</geoform>
      </citeinfo>
    </citation>
    <descript>
      <abstract>The MBTA Rapid Transit Station layers represents the station stops on the five subway, streetcar/trolley and Silver Line bus lines in the Massachusetts Bay Transportation Authority’s rapid transit rail network. Stations are contained in a point feature class named MBTA_NODE. The five ‘T’ lines - Blue, Green, Orange, Red and Silver - are represented with linework in the layer MBTA_ARC. The layers were developed by the Central Transportation Planning Staff (CTPS), with additional editing by MassGIS based on current information from mbta.com. The MBTA Commuter Rail lines are included in the TRAINS_ARC layer. It should be noted that the Silver Line actually consists of buses, not trains, but the line is included in this layer because the MBTA includes it as part of its Subway system (see http://www.mbta.com/schedules_and_maps/subway/).</abstract>
      <purpose>Planning and analysis</purpose>
    </descript>
    <spdom>
      <bounding>
        <westbc>-71.253058</westbc>
        <eastbc>-70.991473</eastbc>
        <northbc>42.438038</northbc>
        <southbc>42.207501</southbc>
      </bounding>
    </spdom>
    <keywords>
      <theme>
        <themekt>ISO 19115 Topic Categories</themekt>
        <themekey>transportation</themekey>
      </theme>
      <theme>
        <themekt>None</themekt>
        <themekey>subway train mbta stop station line subway line public transportation</themekey>
      </theme>
    </keywords>
    <accconst>None</accconst>
    <useconst>None</useconst>
    <datacred>Central Transportation Planning Staff, mbta.com, MassGIS</datacred>
    <native>Microsoft Windows Server 2008 R2 Version 6.1 (Build 7600) ; ESRI ArcGIS 10.0.2.3200</native>
  </idinfo>
  <dataqual>
    <lineage>
      <procstep>
        <procdesc>Assembly station on the Orange Line was added on 9/4/2014.</procdesc>
        <procdate>20140904</procdate>
        <proccont>
          <cntinfo>
            <cntorgp>
              <cntorg>MassGIS</cntorg>
              <cntper>Michael Trust</cntper>
            </cntorgp>
            <cntpos>Sr. GIS Database Administrator</cntpos>
            <cntaddr>
              <addrtype>unknown</addrtype>
              <address>One Ashburton Place, Room 1601</address>
              <city>Boston</city>
              <state>MA</state>
              <postal>02108</postal>
              <country>US</country>
            </cntaddr>
            <cntvoice>(617) 619-5615</cntvoice>
            <cntemail>michael.trust@state.ma.us</cntemail>
          </cntinfo>
        </proccont>
      </procstep>
    </lineage>
  </dataqual>
  <spdoinfo>
    <direct>Vector</direct>
    <ptvctinf>
      <sdtsterm>
        <sdtstype>Entity point</sdtstype>
        <ptvctcnt>161</ptvctcnt>
      </sdtsterm>
    </ptvctinf>
  </spdoinfo>
  <spref>
    <horizsys>
      <planar>
        <mapproj>
          <mapprojn>NAD 1983 StatePlane Massachusetts Mainland FIPS 2001</mapprojn>
          <lambertc>
            <stdparll>41.71666666666667</stdparll>
            <stdparll>42.68333333333333</stdparll>
            <longcm>-71.5</longcm>
            <latprjo>41.0</latprjo>
            <feast>200000.0</feast>
            <fnorth>750000.0</fnorth>
          </lambertc>
        </mapproj>
        <planci>
          <plance>coordinate pair</plance>
          <coordrep>
            <absres>0.000016000000014901172</absres>
            <ordres>0.000016000000014901172</ordres>
          </coordrep>
          <plandu>meter</plandu>
        </planci>
      </planar>
      <geodetic>
        <horizdn>D North American 1983</horizdn>
        <ellips>GRS 1980</ellips>
        <semiaxis>6378137.0</semiaxis>
        <denflat>298.257222101</denflat>
      </geodetic>
    </horizsys>
  </spref>
  <eainfo>
    <detailed>
      <enttyp>
        <enttypl>GISDATA.MBTA_NODE</enttypl>
      </enttyp>
      <attr>
        <attrlabl>OBJECTID</attrlabl>
        <attrdef>Internal feature number.</attrdef>
        <attrdefs>ESRI</attrdefs>
        <attrdomv>
          <udom>Sequential unique whole numbers that are automatically generated.</udom>
        </attrdomv>
      </attr>
      <attr>
        <attrlabl>SHAPE</attrlabl>
        <attrdef>Feature geometry.</attrdef>
        <attrdefs>ESRI</attrdefs>
        <attrdomv>
          <udom>Coordinates defining the features.</udom>
        </attrdomv>
      </attr>
      <attr>
        <attrlabl>STATION</attrlabl>
        <attrdef>Name of T Station</attrdef>
      </attr>
      <attr>
        <attrlabl>TERMINUS</attrlabl>
        <attrdef>Indicates whether a station is a line terminus (Y/N)</attrdef>
      </attr>
      <attr>
        <attrlabl>ROUTE</attrlabl>
        <attrdef>More detailed description of the LINE attribute</attrdef>
      </attr>
      <attr>
        <attrlabl>LINE</attrlabl>
        <attrdef>Transit line color designation (BLUE, GREEN, ORANGE, RED, or SILVER)</attrdef>
      </attr>
    </detailed>
  </eainfo>
  <distinfo>
    <distliab>See access and use constraints information.</distliab>
    <stdorder>
      <digform>
        <digtinfo>
          <formname>Shapefile</formname>
          <formvern>ArcGIS 10</formvern>
        </digtinfo>
      </digform>
    </stdorder>
  </distinfo>
  <metainfo>
    <metd>20140904</metd>
    <metc>
      <cntinfo>
        <cntorgp>
          <cntorg>MassGIS</cntorg>
          <cntper>Michael Trust</cntper>
        </cntorgp>
        <cntpos>Sr. GIS Database Administrator</cntpos>
        <cntaddr>
          <addrtype>unknown</addrtype>
          <address>One Ashburton Place, Room 1601</address>
          <city>Boston</city>
          <state>MA</state>
          <postal>02108</postal>
          <country>US</country>
        </cntaddr>
        <cntvoice>(617) 619-5615</cntvoice>
        <cntemail>michael.trust@state.ma.us</cntemail>
      </cntinfo>
    </metc>
    <metstdn>FGDC Content Standard for Digital Geospatial Metadata</metstdn>
    <metstdv>FGDC-STD-001-1998</metstdv>
    <mettc>local time</mettc>
  </metainfo>
</metadata>