﻿<metadata>
  <idinfo>
    <citation>
      <citeinfo>
        <title>MBTA Rapid Transit Lines</title>
        <geoform>vector digital data</geoform>
      </citeinfo>
    </citation>
    <descript>
      <abstract>The MBTA Rapid Transit Station layers represents the station stops on the five subway, streetcar/trolley and Silver Line bus lines in the Massachusetts Bay Transportation Authority’s rapid transit rail network. The five ‘T’ lines - Blue, Green, Orange, Red and Silver - are represented with linework in the layer MBTA_ARC. Stations are contained in a point feature class named MBTA_NODE. The layers were developed by the Central Transportation Planning Staff (CTPS), with additional editing by MassGIS based on current information from mbta.com. The MBTA Commuter Rail lines are included in the TRAINS_ARC layer. It should be noted that the Silver Line actually consists of buses, not trains, but the line is included in this layer because the MBTA includes it as part of its Subway system (see http://www.mbta.com/schedules_and_maps/subway/).</abstract>
      <purpose>Planning and analysis</purpose>
    </descript>
    <spdom>
      <bounding>
        <westbc>-71.253058</westbc>
        <eastbc>-70.991096</eastbc>
        <northbc>42.438038</northbc>
        <southbc>42.207499</southbc>
      </bounding>
    </spdom>
    <keywords />
    <accconst>None</accconst>
    <useconst>None</useconst>
    <datacred>Central Transportation Planning Staff, mbta.com, MassGIS</datacred>
    <native>Microsoft Windows Server 2008 R2 Version 6.1 (Build 7600) ; ESRI ArcGIS 10.0.2.3200</native>
  </idinfo>
  <spdoinfo>
    <direct>Vector</direct>
    <ptvctinf>
      <sdtsterm>
        <sdtstype>String</sdtstype>
        <ptvctcnt>196</ptvctcnt>
      </sdtsterm>
    </ptvctinf>
  </spdoinfo>
  <spref>
    <horizsys>
      <planar>
        <mapproj>
          <mapprojn>NAD 1983 StatePlane Massachusetts Mainland FIPS 2001</mapprojn>
          <lambertc>
            <stdparll>41.71666666666667</stdparll>
            <stdparll>42.68333333333333</stdparll>
            <longcm>-71.5</longcm>
            <latprjo>41.0</latprjo>
            <feast>200000.0</feast>
            <fnorth>750000.0</fnorth>
          </lambertc>
        </mapproj>
        <planci>
          <plance>coordinate pair</plance>
          <coordrep>
            <absres>0.0000031185458494316467</absres>
            <ordres>0.0000031185458494316467</ordres>
          </coordrep>
          <plandu>Meter</plandu>
        </planci>
      </planar>
      <geodetic>
        <horizdn>D North American 1983</horizdn>
        <ellips>GRS 1980</ellips>
        <semiaxis>6378137.0</semiaxis>
        <denflat>298.257222101</denflat>
      </geodetic>
    </horizsys>
  </spref>
  <eainfo>
    <detailed>
      <enttyp>
        <enttypl>GISDATA.MBTA_ARC</enttypl>
      </enttyp>
      <attr>
        <attrlabl>OBJECTID</attrlabl>
        <attrdef>Internal feature number.</attrdef>
        <attrdefs>ESRI</attrdefs>
        <attrdomv>
          <udom>Sequential unique whole numbers that are automatically generated.</udom>
        </attrdomv>
      </attr>
      <attr>
        <attrlabl>SHAPE</attrlabl>
        <attrdef>Feature geometry.</attrdef>
        <attrdefs>ESRI</attrdefs>
        <attrdomv>
          <udom>Coordinates defining the features.</udom>
        </attrdomv>
      </attr>
      <attr>
        <attrlabl>ROUTE</attrlabl>
        <attrdef>More detailed description of the LINE attribute</attrdef>
      </attr>
      <attr>
        <attrlabl>LINE</attrlabl>
        <attrdef>Transit line color designation (BLUE, GREEN, ORANGE, RED, or SILVER)</attrdef>
      </attr>
      <attr>
        <attrlabl>GRADE</attrlabl>
        <attrdef>Above/below ground grade status</attrdef>
        <attrdomv>
          <edom>
            <edomv>1</edomv>
            <edomvd>Above Ground, Private ROW</edomvd>
          </edom>
          <edom>
            <edomv>2</edomv>
            <edomvd>Light Rail with Reservation in Street</edomvd>
          </edom>
          <edom>
            <edomv>3</edomv>
            <edomvd>Light Rail/Bus in Street with Traffic</edomvd>
          </edom>
          <edom>
            <edomv>4</edomv>
            <edomvd>Elevated</edomvd>
          </edom>
          <edom>
            <edomv>6</edomv>
            <edomvd>Open Cut</edomvd>
          </edom>
          <edom>
            <edomv>7</edomv>
            <edomvd>Underground Subway</edomvd>
          </edom>
        </attrdomv>
      </attr>
      <attr>
        <attrlabl>SHAPE.LEN</attrlabl>
      </attr>
    </detailed>
  </eainfo>
  <distinfo>
    <distliab>See access and use constraints information.</distliab>
  </distinfo>
  <metainfo>
    <metd>20120201</metd>
    <metstdn>FGDC Content Standard for Digital Geospatial Metadata</metstdn>
    <metstdv>FGDC-STD-001-1998</metstdv>
  </metainfo>
</metadata>